<?xml version="1.0" encoding="UTF-8"?>
<!DOCTYPE hibernate-configuration PUBLIC
	"-//Hibernate/Hibernate Configuration DTD 3.0//EN"
	"http://www.hibernate.org/dtd/hibernate-configuration-3.0.dtd">
<hibernate-configuration>
	<session-factory>
		<property name="show_sql">true</property>	
		<property name="format_sql">true</property>
		<property name="dialect">org.hibernate.dialect.SQLiteDialect</property>
		<property name="connection.driver_class">org.sqlite.JDBC</property>
		<!-- <property name="connection.url">jdbc:sqlite:/home/overnightdigital/Desktop/USB/SWE1/server.db</property> -->
	    <property name="connection.url">jdbc:sqlite:server.db</property>
		<property name="connection.autocommit">true</property>
		<property name="connection.username"></property>
		<property name="connection.password"></property>
		<!-- property name="hibernate.hb2ddl.auto">update</propert> -->
		<mapping class="UserRecords"/>
		<mapping class="UserGame"/>
		<mapping class="CurrentGame"/>
	</session-factory>
</hibernate-configuration>